{
  "cli": {
    "version": ">= 3.0.0"
  },
  "build": {
    "development": {
      "developmentClient": true,
      "distribution": "internal",
      "channel": "development"
    },
    "preview": {
      "distribution": "internal",
      "android": {
        "buildType": "apk"
      },
      "ios": {
        "enterpriseProvisioning": "adhoc"
      },
      "channel": "preview"
    },
    "production": {
      "channel": "production",
      "android": {
        "buildType": "apk"
      },
      "ios": {
        "image": "macos-ventura-13.6-xcode-15.2"
      }
    }
  },
  "submit": {
    "production": {}
  }
}
