{
  "project_info": {
    "project_number": "247254349427",
    "firebase_url": "https://railpros-otss.firebaseio.com",
    "project_id": "railpros-otss",
    "storage_bucket": "railpros-otss.appspot.com"
  },
  "client": [
    {
      "client_info": {
        "mobilesdk_app_id": "1:247254349427:android:a15cc6c0b291cc60f15c06",
        "android_client_info": {
          "package_name": "com.myapp"
        }
      },
      "oauth_client": [
        {
          "client_id": "247254349427-4q6c3gdi7scfa8aeiqjaao8it5ve091a.apps.googleusercontent.com",
          "client_type": 3
        }
      ],
      "api_key": [
        {
          "current_key": "AIzaSyBF03KqqRLomJxpwSb7nw1117TEBLx1TQo"
        }
      ],
      "services": {
        "appinvite_service": {
          "other_platform_oauth_client": [
            {
              "client_id": "247254349427-4q6c3gdi7scfa8aeiqjaao8it5ve091a.apps.googleusercontent.com",
              "client_type": 3
            }
          ]
        }
      }
    },
    {
      "client_info": {
        "mobilesdk_app_id": "1:247254349427:android:bd7a113a11906012f15c06",
        "android_client_info": {
          "package_name": "com.pushpanathan.Flagsmith"
        }
      },
      "oauth_client": [
        {
          "client_id": "247254349427-4q6c3gdi7scfa8aeiqjaao8it5ve091a.apps.googleusercontent.com",
          "client_type": 3
        }
      ],
      "api_key": [
        {
          "current_key": "AIzaSyBF03KqqRLomJxpwSb7nw1117TEBLx1TQo"
        }
      ],
      "services": {
        "appinvite_service": {
          "other_platform_oauth_client": [
            {
              "client_id": "247254349427-4q6c3gdi7scfa8aeiqjaao8it5ve091a.apps.googleusercontent.com",
              "client_type": 3
            }
          ]
        }
      }
    },
    {
      "client_info": {
        "mobilesdk_app_id": "1:247254349427:android:27dabf2f371e3626f15c06",
        "android_client_info": {
          "package_name": "com.railpros.railprosotss.staging"
        }
      },
      "oauth_client": [
        {
          "client_id": "247254349427-4q6c3gdi7scfa8aeiqjaao8it5ve091a.apps.googleusercontent.com",
          "client_type": 3
        }
      ],
      "api_key": [
        {
          "current_key": "AIzaSyBF03KqqRLomJxpwSb7nw1117TEBLx1TQo"
        }
      ],
      "services": {
        "appinvite_service": {
          "other_platform_oauth_client": [
            {
              "client_id": "247254349427-4q6c3gdi7scfa8aeiqjaao8it5ve091a.apps.googleusercontent.com",
              "client_type": 3
            }
          ]
        }
      }
    },
    {
      "client_info": {
        "mobilesdk_app_id": "1:247254349427:android:c2178fd156b6c977f15c06",
        "android_client_info": {
          "package_name": "com.railpros.railprosotss"
        }
      },
      "oauth_client": [
        {
          "client_id": "247254349427-4q6c3gdi7scfa8aeiqjaao8it5ve091a.apps.googleusercontent.com",
          "client_type": 3
        }
      ],
      "api_key": [
        {
          "current_key": "AIzaSyBF03KqqRLomJxpwSb7nw1117TEBLx1TQo"
        }
      ],
      "services": {
        "appinvite_service": {
          "other_platform_oauth_client": [
            {
              "client_id": "247254349427-4q6c3gdi7scfa8aeiqjaao8it5ve091a.apps.googleusercontent.com",
              "client_type": 3
            }
          ]
        }
      }
    }
  ],
  "configuration_version": "1"
}
